{
  "n_muestras": 468,
  "n_rechazadas": 0,
  "tasa_rechazo_pct": 0.0,
  "duracion_s": 29.8225,
  "frecuencia_hz": 15.692849358705674,
  "x_media": 0.01786577836799231,
  "x_mediana": 0.018019854937601686,
  "x_std": 0.0042930148929190256,
  "x_var": 1.842997687082455e-05,
  "x_min": -0.0011662967136940748,
  "x_max": 0.029979524032347975,
  "x_rango": 0.03114582074604205,
  "y_media": 1.015807242022807,
  "y_mediana": 1.0138087048723072,
  "y_std": 0.010542442894986246,
  "y_var": 0.00011114310219404598,
  "y_min": 0.9909305341120628,
  "y_max": 1.040043201577815,
  "y_rango": 0.04911266746575216,
  "z_media": 0.5066003281279998,
  "z_mediana": 0.508767068712711,
  "z_std": 0.011768101440263096,
  "z_var": 0.00013848821150832236,
  "z_min": 0.484202374394437,
  "z_max": 0.5238539868458563,
  "z_rango": 0.039651612451419294,
  "error_3d_medio": 0.014189170276849458,
  "error_3d_std": 0.008168765967253853,
  "error_3d_max": 0.03274645483790461,
  "error_3d_p95": 0.02851420137832577,
  "error_3d_vs_mediana_medio": 0.013949637635506232,
  "error_3d_vs_mediana_p95": 0.03129722096533532
}