{
  "n_muestras": 111,
  "duracion_s": 8.881300000000001,
  "frecuencia_hz": 12.49817031290464,
  "x_media": -0.008995608541530052,
  "x_mediana": -0.010781639945983326,
  "x_std": 0.0162058560282934,
  "x_var": 0.0002626297696097735,
  "x_min": -0.07776257532351416,
  "x_max": 0.1007245786405089,
  "x_rango": 0.17848715396402307,
  "y_media": 1.0370309585850486,
  "y_mediana": 1.0339974220214725,
  "y_std": 0.01345646370177896,
  "y_var": 0.00018107641535729471,
  "y_min": 1.0191314402701963,
  "y_max": 1.1221541959165862,
  "y_rango": 0.10302275564638985,
  "z_media": 0.39693618298779554,
  "z_mediana": 0.39521803444983833,
  "z_std": 0.012634564480828399,
  "z_var": 0.0001596322196202106,
  "z_min": 0.3726677261367448,
  "z_max": 0.4634604924338507,
  "z_rango": 0.09079276629710586,
  "error_3d_medio": 0.013468848007244053,
  "error_3d_std": 0.020540899151328226,
  "error_3d_max": 0.11650796633848125,
  "error_3d_p95": 0.06879204149452464
}