{
  "raw": {
    "label": "raw",
    "n_muestras": 453,
    "n_rechazadas": 0,
    "tasa_rechazo_pct": 0.0,
    "duracion_s": 29.921,
    "frecuencia_hz": 15.14,
    "x_media": -0.039541278108486615,
    "x_mediana": -0.039509157358330146,
    "x_std": 0.0012026451095177905,
    "x_rango": 0.006856242140091659,
    "y_media": 0.9765411414420576,
    "y_mediana": 0.9765704193564874,
    "y_std": 0.0008451151207458051,
    "y_rango": 0.004753507790053457,
    "z_media": 0.5249138744323076,
    "z_mediana": 0.5249326589921133,
    "z_std": 0.0002307273236480857,
    "z_rango": 0.0012392687030204907,
    "sep50_mm": 1.2305526732369696,
    "sep95_mm": 2.4817996805389306,
    "error_3d_medio_mm": 1.3226755106345296,
    "error_3d_std_mm": 0.6814245506332662,
    "error_3d_max_mm": 3.6302902189297095,
    "cep50_xz_mm": 0.8574893944422196,
    "cep95_xz_mm": 2.2909448304860724,
    "reproj_media_px": 0.1404419426048565,
    "reproj_max_px": 0.1845
  },
  "kalman": {
    "label": "kalman",
    "n_muestras": 453,
    "n_rechazadas": 0,
    "tasa_rechazo_pct": 0.0,
    "duracion_s": 29.921,
    "frecuencia_hz": 15.14,
    "x_media": -0.03953226034690036,
    "x_mediana": -0.039447072316406144,
    "x_std": 0.0009828202116200935,
    "x_rango": 0.004803238602070194,
    "y_media": 0.9765443124914267,
    "y_mediana": 0.9765763889708327,
    "y_std": 0.0006467222815505388,
    "y_rango": 0.003737380255310785,
    "z_media": 0.524915278825037,
    "z_mediana": 0.5249374052731478,
    "z_std": 0.0002060876883438223,
    "z_rango": 0.0009991650100846794,
    "sep50_mm": 1.0402455821825012,
    "sep95_mm": 2.0648104928863216,
    "error_3d_medio_mm": 1.069820506276652,
    "error_3d_std_mm": 0.5311699327520041,
    "error_3d_max_mm": 2.670739203821354,
    "cep50_xz_mm": 0.8088268776563289,
    "cep95_xz_mm": 1.791873602691778,
    "reproj_media_px": 0.1404419426048565,
    "reproj_max_px": 0.1845
  }
}