{
  "raw": {
    "label": "raw",
    "n_muestras": 559,
    "n_rechazadas": 0,
    "tasa_rechazo_pct": 0.0,
    "duracion_s": 29.901,
    "frecuencia_hz": 18.69,
    "x_media": -0.026252395878046664,
    "x_mediana": -0.02623588899663161,
    "x_std": 0.0013447928657222795,
    "x_rango": 0.009613642447426407,
    "y_media": 0.4098052680865271,
    "y_mediana": 0.4098454211046291,
    "y_std": 0.0012232765608438552,
    "y_rango": 0.00744030775434823,
    "z_media": 0.4899734897078499,
    "z_mediana": 0.4899814568883474,
    "z_std": 0.00032128449303563074,
    "z_rango": 0.0020433063494209036,
    "sep50_mm": 1.4600780069771129,
    "sep95_mm": 3.2629593255165026,
    "error_3d_medio_mm": 1.6169084972413603,
    "error_3d_std_mm": 0.8909006863962772,
    "error_3d_max_mm": 5.532410849126484,
    "cep50_xz_mm": 0.8952445423795621,
    "cep95_xz_mm": 2.573339732706937,
    "reproj_media_px": 0.34150286225402504,
    "reproj_max_px": 0.4784
  },
  "kalman": {
    "label": "kalman",
    "n_muestras": 559,
    "n_rechazadas": 0,
    "tasa_rechazo_pct": 0.0,
    "duracion_s": 29.901,
    "frecuencia_hz": 18.69,
    "x_media": -0.026237752856251698,
    "x_mediana": -0.0262460450778036,
    "x_std": 0.0007180017903685705,
    "x_rango": 0.003908616831770018,
    "y_media": 0.40976920945618567,
    "y_mediana": 0.409796866900264,
    "y_std": 0.0005829174196018426,
    "y_rango": 0.003298236755919559,
    "z_media": 0.4899664206635315,
    "z_mediana": 0.48996619048520734,
    "z_std": 0.0001469184203677413,
    "z_rango": 0.0009525700020300287,
    "sep50_mm": 0.8047962804392246,
    "sep95_mm": 1.600854965469467,
    "error_3d_medio_mm": 0.8446897952051644,
    "error_3d_std_mm": 0.4042319398159341,
    "error_3d_max_mm": 2.161607822782311,
    "cep50_xz_mm": 0.5289329716480224,
    "cep95_xz_mm": 1.4133158858440742,
    "reproj_media_px": 0.34150286225402504,
    "reproj_max_px": 0.4784
  }
}