{
  "raw": {
    "label": "raw",
    "n_muestras": 29,
    "n_rechazadas": 118,
    "tasa_rechazo_pct": 80.27,
    "duracion_s": 3.316,
    "frecuencia_hz": 8.74,
    "x_media": -0.09348316086575824,
    "x_mediana": -0.09336555939727295,
    "x_std": 0.019695727085852585,
    "x_rango": 0.08304903312999776,
    "y_media": 0.9571927075049641,
    "y_mediana": 0.9721326954594107,
    "y_std": 0.04484278995070613,
    "y_rango": 0.14788318749485718,
    "z_media": 0.4032073723351948,
    "z_mediana": 0.4119693274454764,
    "z_std": 0.025435739892254037,
    "z_rango": 0.11268981267157602,
    "sep50_mm": 41.910926776573085,
    "sep95_mm": 96.28003314608543,
    "error_3d_medio_mm": 49.72532314958,
    "error_3d_std_mm": 23.940897592608888,
    "error_3d_max_mm": 100.43836335550682,
    "cep50_xz_mm": 20.063864365853842,
    "cep95_xz_mm": 66.64840536019655,
    "reproj_media_px": 1.4499551724137931,
    "reproj_max_px": 2.8019,
    "sesgo_x_mm": -93.48316086575824,
    "sesgo_y_mm": 957.1927075049641,
    "sesgo_z_mm": -956.7926276648053,
    "sesgo_3d_mm": 1356.6167893033978
  },
  "kalman": {
    "label": "kalman",
    "n_muestras": 29,
    "n_rechazadas": 0,
    "tasa_rechazo_pct": 0.0,
    "duracion_s": 3.316,
    "frecuencia_hz": 8.74,
    "x_media": -0.07847421076818209,
    "x_mediana": -0.08071211359834114,
    "x_std": 0.008408596422751491,
    "x_rango": 0.033417509605071616,
    "y_media": 0.9643006527556262,
    "y_mediana": 0.966693281123977,
    "y_std": 0.015242774284041043,
    "y_rango": 0.049268622571540965,
    "z_media": 0.3641844462691244,
    "z_mediana": 0.36699739791857033,
    "z_std": 0.03162807278715533,
    "z_rango": 0.09533342593614724,
    "sep50_mm": 33.12227116657523,
    "sep95_mm": 51.08758750340583,
    "error_3d_medio_mm": 33.91934648232482,
    "error_3d_std_mm": 12.363639598294924,
    "error_3d_max_mm": 54.119545558962386,
    "cep50_xz_mm": 30.661335384300752,
    "cep95_xz_mm": 50.36745102335751,
    "reproj_media_px": 1.4499551724137931,
    "reproj_max_px": 2.8019,
    "sesgo_x_mm": -78.47421076818209,
    "sesgo_y_mm": 964.3006527556262,
    "sesgo_z_mm": -995.8155537308758,
    "sesgo_3d_mm": 1388.410086290411
  }
}