{
  "raw": {
    "label": "raw",
    "n_muestras": 452,
    "n_rechazadas": 0,
    "tasa_rechazo_pct": 0.0,
    "duracion_s": 29.931,
    "frecuencia_hz": 15.1,
    "x_media": 0.008413961699741285,
    "x_mediana": 0.00870747081548381,
    "x_std": 0.0024479578546516816,
    "x_rango": 0.015165553597963038,
    "y_media": 1.01225495396571,
    "y_mediana": 1.0122964072313905,
    "y_std": 0.0015686115305073285,
    "y_rango": 0.01128002857627286,
    "z_media": 0.47910653439002,
    "z_mediana": 0.47899874212834526,
    "z_std": 0.00039010892786392297,
    "z_rango": 0.0018456325422879227,
    "sep50_mm": 2.4332005254428255,
    "sep95_mm": 5.554935941113452,
    "error_3d_medio_mm": 2.606522105864099,
    "error_3d_std_mm": 1.3458333028396694,
    "error_3d_max_mm": 8.757151921083606,
    "cep50_xz_mm": 1.864591125291835,
    "cep95_xz_mm": 5.1353402069012715,
    "reproj_media_px": 0.2349055309734513,
    "reproj_max_px": 0.4782,
    "sesgo_x_mm": 18.273961699741285,
    "sesgo_y_mm": -30.635046034290127,
    "sesgo_z_mm": 39.10653439001999,
    "sesgo_3d_mm": 52.931698949915656
  },
  "kalman": {
    "label": "kalman",
    "n_muestras": 452,
    "n_rechazadas": 0,
    "tasa_rechazo_pct": 0.0,
    "duracion_s": 29.931,
    "frecuencia_hz": 15.1,
    "x_media": 0.00839884779712864,
    "x_mediana": 0.008810785776148834,
    "x_std": 0.0023152812030987225,
    "x_rango": 0.011379030650892541,
    "y_media": 1.012266570154307,
    "y_mediana": 1.0122651429133152,
    "y_std": 0.001290723588533624,
    "y_rango": 0.008527540983862547,
    "z_media": 0.4791077445947881,
    "z_mediana": 0.4789841741963277,
    "z_std": 0.00038074541460319606,
    "z_rango": 0.0016652089384935342,
    "sep50_mm": 2.265392698315552,
    "sep95_mm": 5.1299883105861115,
    "error_3d_medio_mm": 2.4105360527113544,
    "error_3d_std_mm": 1.1665236563137094,
    "error_3d_max_mm": 6.1052410324977044,
    "cep50_xz_mm": 1.8733976887770845,
    "cep95_xz_mm": 4.908973175076609,
    "reproj_media_px": 0.2349055309734513,
    "reproj_max_px": 0.4782,
    "sesgo_x_mm": 18.25884779712864,
    "sesgo_y_mm": -30.623429845693106,
    "sesgo_z_mm": 39.10774459478811,
    "sesgo_3d_mm": 52.92065443363277
  }
}