{
  "raw": {
    "label": "raw",
    "n_muestras": 360,
    "n_rechazadas": 89,
    "tasa_rechazo_pct": 19.82,
    "duracion_s": 29.82,
    "frecuencia_hz": 12.07,
    "x_media": 0.35218044498808704,
    "x_mediana": 0.3565644410110401,
    "x_std": 0.03216520597255187,
    "x_rango": 0.25539941338669725,
    "y_media": 0.35109607009732763,
    "y_mediana": 0.32996803825359644,
    "y_std": 0.14960150490240423,
    "y_rango": 1.1064873709756675,
    "z_media": 0.43119657364146974,
    "z_mediana": 0.43021952647508255,
    "z_std": 0.006676804125423065,
    "z_rango": 0.05628929528550103,
    "sep50_mm": 21.64714610655235,
    "sep95_mm": 23.17308043424944,
    "error_3d_medio_mm": 42.35447695779775,
    "error_3d_std_mm": 147.1933719271402,
    "error_3d_max_mm": 1090.847668681148,
    "cep50_xz_mm": 4.523574935202533,
    "cep95_xz_mm": 5.817136966647474,
    "reproj_media_px": 2.8798950000000003,
    "reproj_max_px": 2.9995
  },
  "kalman": {
    "label": "kalman",
    "n_muestras": 360,
    "n_rechazadas": 0,
    "tasa_rechazo_pct": 0.0,
    "duracion_s": 29.82,
    "frecuencia_hz": 12.07,
    "x_media": 0.32701359639132854,
    "x_mediana": 0.3554805856498664,
    "x_std": 0.057949895507980506,
    "x_rango": 0.25347545684152867,
    "y_media": 0.46973579833739154,
    "y_mediana": 0.3351557565651001,
    "y_std": 0.27170351032607437,
    "y_rango": 1.0827812192072515,
    "z_media": 0.4363673457428425,
    "z_mediana": 0.43059685245068324,
    "z_std": 0.011886925676005992,
    "z_rango": 0.05491286430079684,
    "sep50_mm": 142.31128799178916,
    "sep95_mm": 759.786910903864,
    "error_3d_medio_mm": 197.58086490589216,
    "error_3d_std_mm": 195.66320230938555,
    "error_3d_max_mm": 955.1323737527642,
    "cep50_xz_mm": 29.964974522364198,
    "cep95_xz_mm": 161.14641496374716,
    "reproj_media_px": 2.8798950000000003,
    "reproj_max_px": 2.9995
  }
}