{
  "raw": {
    "label": "raw",
    "n_muestras": 428,
    "n_rechazadas": 23,
    "tasa_rechazo_pct": 5.1,
    "duracion_s": 29.906,
    "frecuencia_hz": 14.31,
    "x_media": 0.46261681763980567,
    "x_mediana": 0.46024346916458225,
    "x_std": 0.015410375279883785,
    "x_rango": 0.10703187657720947,
    "y_media": 0.4112805358870675,
    "y_mediana": 0.4117876732672053,
    "y_std": 0.005990467932772626,
    "y_rango": 0.0951698967345157,
    "z_media": 0.45018110012014056,
    "z_mediana": 0.4486960006081364,
    "z_std": 0.006763101830563416,
    "z_rango": 0.05804574284012348,
    "sep50_mm": 4.004947674628722,
    "sep95_mm": 46.849057176177375,
    "error_3d_medio_mm": 8.898659722124643,
    "error_3d_std_mm": 15.489311599965871,
    "error_3d_max_mm": 98.38203307161395,
    "cep50_xz_mm": 3.677190628754203,
    "cep95_xz_mm": 45.52537591746975,
    "reproj_media_px": 0.28281495327102807,
    "reproj_max_px": 1.6714
  },
  "kalman": {
    "label": "kalman",
    "n_muestras": 428,
    "n_rechazadas": 0,
    "tasa_rechazo_pct": 0.0,
    "duracion_s": 29.906,
    "frecuencia_hz": 14.31,
    "x_media": 0.46289710867691136,
    "x_mediana": 0.46066116883745944,
    "x_std": 0.015219429248694308,
    "x_rango": 0.09372757085756245,
    "y_media": 0.4115134502021523,
    "y_mediana": 0.41168697101346374,
    "y_std": 0.002695275115695315,
    "y_rango": 0.022092809103114897,
    "z_media": 0.4505069155233784,
    "z_mediana": 0.44875249840430487,
    "z_std": 0.007739484124824418,
    "z_rango": 0.0500790239939653,
    "sep50_mm": 3.8285895225192825,
    "sep95_mm": 49.993782195972244,
    "error_3d_medio_mm": 8.796750480082444,
    "error_3d_std_mm": 14.879930447245934,
    "error_3d_max_mm": 81.03528936334261,
    "cep50_xz_mm": 3.6738775793650196,
    "cep95_xz_mm": 49.885509408136244,
    "reproj_media_px": 0.28281495327102807,
    "reproj_max_px": 1.6714
  }
}