{
  "raw": {
    "label": "raw",
    "n_muestras": 26,
    "n_rechazadas": 214,
    "tasa_rechazo_pct": 89.17,
    "duracion_s": 1.605,
    "frecuencia_hz": 16.2,
    "x_media": 0.42825330219435975,
    "x_mediana": 0.42870522470334815,
    "x_std": 0.007254894419629161,
    "x_rango": 0.027145084921783802,
    "y_media": 0.4226292049478495,
    "y_mediana": 0.4249087551566917,
    "y_std": 0.008847849730904647,
    "y_rango": 0.02839430815980143,
    "z_media": 0.43206844723638604,
    "z_mediana": 0.43324906082935144,
    "z_std": 0.007848933719165258,
    "z_rango": 0.030201083896448433,
    "sep50_mm": 13.061618048031,
    "sep95_mm": 18.622499049246393,
    "error_3d_medio_mm": 13.368037104542173,
    "error_3d_std_mm": 3.7174295420450028,
    "error_3d_max_mm": 26.7336532383753,
    "cep50_xz_mm": 9.232485642285182,
    "cep95_xz_mm": 15.772290815582956,
    "reproj_media_px": 0.6907384615384615,
    "reproj_max_px": 1.4851
  },
  "kalman": {
    "label": "kalman",
    "n_muestras": 26,
    "n_rechazadas": 0,
    "tasa_rechazo_pct": 0.0,
    "duracion_s": 1.605,
    "frecuencia_hz": 16.2,
    "x_media": 0.4289281118163771,
    "x_mediana": 0.42881826863316325,
    "x_std": 0.006139109749008604,
    "x_rango": 0.016052404729028025,
    "y_media": 0.42297317487235464,
    "y_mediana": 0.4263158762065401,
    "y_std": 0.007333822984095435,
    "y_rango": 0.021247705560215657,
    "z_media": 0.43420053291376093,
    "z_mediana": 0.43549914845147486,
    "z_std": 0.004299946981429065,
    "z_rango": 0.01149287609046129,
    "sep50_mm": 9.633653091400182,
    "sep95_mm": 13.954583990610349,
    "error_3d_medio_mm": 10.174175571672455,
    "error_3d_std_mm": 2.539551840837934,
    "error_3d_max_mm": 15.477734703344517,
    "cep50_xz_mm": 7.638595073061645,
    "cep95_xz_mm": 9.357630024354918,
    "reproj_media_px": 0.6907384615384615,
    "reproj_max_px": 1.4851
  }
}