{
  "raw": {
    "label": "raw",
    "n_muestras": 298,
    "n_rechazadas": 151,
    "tasa_rechazo_pct": 33.63,
    "duracion_s": 29.887,
    "frecuencia_hz": 9.97,
    "x_media": 0.4644066962651706,
    "x_mediana": 0.47107939983361874,
    "x_std": 0.046236004676140204,
    "x_rango": 0.33226313116418776,
    "y_media": 0.6032941287571347,
    "y_mediana": 0.5861902914426266,
    "y_std": 0.11937761530462347,
    "y_rango": 0.8533068490368576,
    "z_media": 0.431364797369838,
    "z_mediana": 0.4313614866104626,
    "z_std": 0.00031949233226423473,
    "z_rango": 0.00246555119181463,
    "sep50_mm": 18.428838922531995,
    "sep95_mm": 19.549884592089892,
    "error_3d_medio_mm": 35.98763310317595,
    "error_3d_std_mm": 122.85672754559394,
    "error_3d_max_mm": 893.6773155600748,
    "cep50_xz_mm": 6.7297837108029155,
    "cep95_xz_mm": 8.067008070153614,
    "reproj_media_px": 0.8464808724832215,
    "reproj_max_px": 1.0155
  },
  "kalman": {
    "label": "kalman",
    "n_muestras": 298,
    "n_rechazadas": 0,
    "tasa_rechazo_pct": 0.0,
    "duracion_s": 29.887,
    "frecuencia_hz": 9.97,
    "x_media": 0.4456411280432301,
    "x_mediana": 0.47081258369485723,
    "x_std": 0.07113084469532684,
    "x_rango": 0.30246882120988905,
    "y_media": 0.6516406876078522,
    "y_mediana": 0.5861178824004553,
    "y_std": 0.18384517334718148,
    "y_rango": 0.7802193710114699,
    "z_media": 0.43143122458985456,
    "z_mediana": 0.4313620100643568,
    "z_std": 0.0002638193699140864,
    "z_rango": 0.0016901668203205267,
    "sep50_mm": 70.28559904713401,
    "sep95_mm": 627.0715957878737,
    "error_3d_medio_mm": 117.07108982286329,
    "error_3d_std_mm": 158.59720791512356,
    "error_3d_max_mm": 765.9852010100889,
    "cep50_xz_mm": 25.270773476540768,
    "cep95_xz_mm": 226.56392318966587,
    "reproj_media_px": 0.8464808724832215,
    "reproj_max_px": 1.0155
  }
}