{
  "raw": {
    "label": "raw",
    "n_muestras": 248,
    "n_rechazadas": 205,
    "tasa_rechazo_pct": 45.25,
    "duracion_s": 29.89,
    "frecuencia_hz": 8.3,
    "x_media": 0.1902175089571281,
    "x_mediana": 0.19038044547484434,
    "x_std": 0.03552648597631262,
    "x_rango": 0.21285449006123372,
    "y_media": 0.5180505644912612,
    "y_mediana": 0.515870054272014,
    "y_std": 0.013363528676731304,
    "y_rango": 0.0898871964275908,
    "z_media": 1.0464277579037224,
    "z_mediana": 1.0464417931555925,
    "z_std": 0.0010942531146740835,
    "z_rango": 0.006493578781477716,
    "sep50_mm": 28.03067847420189,
    "sep95_mm": 64.6334661347363,
    "error_3d_medio_mm": 31.466571946428004,
    "error_3d_std_mm": 21.254819320290654,
    "error_3d_max_mm": 142.92184660044094,
    "cep50_xz_mm": 24.00730744373932,
    "cep95_xz_mm": 62.73248401940081,
    "reproj_media_px": 0.12572540322580644,
    "reproj_max_px": 0.1962,
    "sesgo_x_mm": 190.2175089571281,
    "sesgo_y_mm": 518.0505644912612,
    "sesgo_z_mm": -313.57224209627765,
    "sesgo_3d_mm": 634.7335181766094
  },
  "kalman": {
    "label": "kalman",
    "n_muestras": 248,
    "n_rechazadas": 0,
    "tasa_rechazo_pct": 0.0,
    "duracion_s": 29.89,
    "frecuencia_hz": 8.3,
    "x_media": 0.18969026898921998,
    "x_mediana": 0.18927595792542812,
    "x_std": 0.02679921925684069,
    "x_rango": 0.18380409145820145,
    "y_media": 0.5189530644596998,
    "y_mediana": 0.5176754648385342,
    "y_std": 0.00953485211222709,
    "y_rango": 0.08060404804000815,
    "z_media": 1.046533483551075,
    "z_mediana": 1.0465138519967596,
    "z_std": 0.0006922011484138023,
    "z_rango": 0.0038785079069798556,
    "sep50_mm": 18.852115945112974,
    "sep95_mm": 51.8063128694889,
    "error_3d_medio_mm": 22.713397953987066,
    "error_3d_std_mm": 17.137451776502356,
    "error_3d_max_mm": 128.20522024402678,
    "cep50_xz_mm": 17.41370568438799,
    "cep95_xz_mm": 51.21223126840311,
    "reproj_media_px": 0.12572540322580644,
    "reproj_max_px": 0.1962,
    "sesgo_x_mm": 189.69026898922,
    "sesgo_y_mm": 518.9530644596998,
    "sesgo_z_mm": -313.4665164489252,
    "sesgo_3d_mm": 635.260527811968
  }
}