{
  "raw": {
    "label": "raw",
    "n_muestras": 387,
    "n_rechazadas": 85,
    "tasa_rechazo_pct": 18.01,
    "duracion_s": 29.896,
    "frecuencia_hz": 12.95,
    "x_media": 0.044798891176952904,
    "x_mediana": 0.033864155375431616,
    "x_std": 0.0218709968218139,
    "x_rango": 0.1199988045927654,
    "y_media": 0.9441476981029303,
    "y_mediana": 0.9433793347146366,
    "y_std": 0.00801324149486412,
    "y_rango": 0.06733860081362275,
    "z_media": 0.33416442693188964,
    "z_mediana": 0.3284672876476995,
    "z_std": 0.01663674011545406,
    "z_rango": 0.06276318636835077,
    "sep50_mm": 18.11109760545381,
    "sep95_mm": 51.19394034085727,
    "error_3d_medio_mm": 24.11416035762953,
    "error_3d_std_mm": 15.422092372648166,
    "error_3d_max_mm": 86.91736995767515,
    "cep50_xz_mm": 17.563719572156092,
    "cep95_xz_mm": 48.888416590551415,
    "reproj_media_px": 1.9045728682170544,
    "reproj_max_px": 2.9869,
    "sesgo_x_mm": 44.79889117695291,
    "sesgo_y_mm": 944.1476981029303,
    "sesgo_z_mm": -1025.8355730681105,
    "sesgo_3d_mm": 1394.9051722091094
  },
  "kalman": {
    "label": "kalman",
    "n_muestras": 387,
    "n_rechazadas": 0,
    "tasa_rechazo_pct": 0.0,
    "duracion_s": 29.896,
    "frecuencia_hz": 12.95,
    "x_media": 0.04578868389743911,
    "x_mediana": 0.03287916378403594,
    "x_std": 0.020166143494039637,
    "x_rango": 0.07603914542225289,
    "y_media": 0.9443862311156775,
    "y_mediana": 0.9437997306267626,
    "y_std": 0.0035098788157315436,
    "y_rango": 0.01879714931815568,
    "z_media": 0.33199793857271237,
    "z_mediana": 0.328146062713581,
    "z_std": 0.012164495888779688,
    "z_rango": 0.05301999334426866,
    "sep50_mm": 17.58814047229751,
    "sep95_mm": 45.1702742370971,
    "error_3d_medio_mm": 21.40242161640275,
    "error_3d_std_mm": 10.435703230026826,
    "error_3d_max_mm": 55.46322912364662,
    "cep50_xz_mm": 17.439620486018963,
    "cep95_xz_mm": 44.8740821869356,
    "reproj_media_px": 1.9045728682170544,
    "reproj_max_px": 2.9869,
    "sesgo_x_mm": 45.788683897439114,
    "sesgo_y_mm": 944.3862311156776,
    "sesgo_z_mm": -1028.0020614272878,
    "sesgo_3d_mm": 1396.692591586526
  }
}