{
  "raw": {
    "label": "raw",
    "n_muestras": 450,
    "n_rechazadas": 0,
    "tasa_rechazo_pct": 0.0,
    "duracion_s": 29.921,
    "frecuencia_hz": 15.04,
    "x_media": -0.009863863552219302,
    "x_mediana": -0.009803984345155232,
    "x_std": 0.001126420524187543,
    "x_rango": 0.006359793184206794,
    "y_media": 1.0428462856278595,
    "y_mediana": 1.0428887166108356,
    "y_std": 0.0011662494967621434,
    "y_rango": 0.006986272285749884,
    "z_media": 0.5024883046854633,
    "z_mediana": 0.5024916175325644,
    "z_std": 0.00019750142280627737,
    "z_rango": 0.0012669818505656183,
    "sep50_mm": 1.363044422721266,
    "sep95_mm": 2.7810200596710613,
    "error_3d_medio_mm": 1.455885402553282,
    "error_3d_std_mm": 0.7405171116535143,
    "error_3d_max_mm": 4.045869719718501,
    "cep50_xz_mm": 0.7896100917574577,
    "cep95_xz_mm": 2.258190175202706,
    "reproj_media_px": 0.09277266666666667,
    "reproj_max_px": 0.1661,
    "sesgo_x_mm": 30.1361364477807,
    "sesgo_y_mm": 65.84628562785954,
    "sesgo_z_mm": 62.48830468546335,
    "sesgo_3d_mm": 95.64888014738186
  },
  "kalman": {
    "label": "kalman",
    "n_muestras": 450,
    "n_rechazadas": 0,
    "tasa_rechazo_pct": 0.0,
    "duracion_s": 29.921,
    "frecuencia_hz": 15.04,
    "x_media": -0.009879182758900885,
    "x_mediana": -0.009886430964851083,
    "x_std": 0.0008301173648741821,
    "x_rango": 0.0048506650243387555,
    "y_media": 1.042831168733039,
    "y_mediana": 1.0428232979318692,
    "y_std": 0.0008308608037103331,
    "y_rango": 0.0050856326940711405,
    "z_media": 0.5024908507486354,
    "z_mediana": 0.5024976338541758,
    "z_std": 0.00015510891900753315,
    "z_rango": 0.0009977045254235817,
    "sep50_mm": 0.9903899482897561,
    "sep95_mm": 2.0560244105759544,
    "error_3d_medio_mm": 1.0587485734033868,
    "error_3d_std_mm": 0.5315399793804935,
    "error_3d_max_mm": 3.0683410582641355,
    "cep50_xz_mm": 0.6041723620054509,
    "cep95_xz_mm": 1.5945568682392723,
    "reproj_media_px": 0.09277266666666667,
    "reproj_max_px": 0.1661,
    "sesgo_x_mm": 30.120817241099115,
    "sesgo_y_mm": 65.83116873303896,
    "sesgo_z_mm": 62.49085074863542,
    "sesgo_3d_mm": 95.63531165483683
  }
}