{
  "raw": {
    "label": "raw",
    "n_muestras": 448,
    "n_rechazadas": 0,
    "tasa_rechazo_pct": 0.0,
    "duracion_s": 29.922,
    "frecuencia_hz": 14.97,
    "x_media": 0.1701204893700304,
    "x_mediana": 0.17011382362700994,
    "x_std": 0.0007269835141374598,
    "x_rango": 0.00445438365862405,
    "y_media": 1.3904783707848272,
    "y_mediana": 1.3904673697970715,
    "y_std": 0.0008497464364985091,
    "y_rango": 0.005684813077579065,
    "z_media": 0.4705915014963402,
    "z_mediana": 0.4705815124786157,
    "z_std": 0.00046265061799836244,
    "z_rango": 0.0030665631761649936,
    "sep50_mm": 0.9398105472332177,
    "sep95_mm": 2.2339500237124392,
    "error_3d_medio_mm": 1.064926338863971,
    "error_3d_std_mm": 0.5749361036651035,
    "error_3d_max_mm": 3.4979411743631355,
    "cep50_xz_mm": 0.626331238786018,
    "cep95_xz_mm": 1.6234309634416004,
    "reproj_media_px": 0.6693562500000001,
    "reproj_max_px": 0.8363
  },
  "kalman": {
    "label": "kalman",
    "n_muestras": 448,
    "n_rechazadas": 0,
    "tasa_rechazo_pct": 0.0,
    "duracion_s": 29.922,
    "frecuencia_hz": 14.97,
    "x_media": 0.17186978346461929,
    "x_mediana": 0.1701944309784327,
    "x_std": 0.009923063326910654,
    "x_rango": 0.10344821209667387,
    "y_media": 1.3824340076085075,
    "y_mediana": 1.390407130960249,
    "y_std": 0.04559381018604269,
    "y_rango": 0.47310214942414874,
    "z_media": 0.47061102662134696,
    "z_mediana": 0.47060722697686824,
    "z_std": 0.0001778995241051432,
    "z_rango": 0.0012450645347618083,
    "sep50_mm": 8.204091709283881,
    "sep95_mm": 9.636060922283415,
    "error_3d_medio_mm": 15.177608580070626,
    "error_3d_std_mm": 44.12408139668873,
    "error_3d_max_mm": 475.24573341445114,
    "cep50_xz_mm": 1.7324572067856638,
    "cep95_xz_mm": 2.2867609785100402,
    "reproj_media_px": 0.6693562500000001,
    "reproj_max_px": 0.8363
  }
}