{
  "raw": {
    "label": "raw",
    "n_muestras": 392,
    "n_rechazadas": 233,
    "tasa_rechazo_pct": 37.28,
    "duracion_s": 29.943,
    "frecuencia_hz": 13.09,
    "x_media": -0.03020528349483616,
    "x_mediana": -0.03164596186144084,
    "x_std": 0.02190615176537452,
    "x_rango": 0.13988597240448666,
    "y_media": 0.49737677397709446,
    "y_mediana": 0.49869780615372794,
    "y_std": 0.026366004676533397,
    "y_rango": 0.14580009990011938,
    "z_media": 1.4212366286037028,
    "z_mediana": 1.4213212330213594,
    "z_std": 0.0009361707372880253,
    "z_rango": 0.005333813275500088,
    "sep50_mm": 30.3477990739099,
    "sep95_mm": 55.629574375014045,
    "error_3d_medio_mm": 31.1921065066043,
    "error_3d_std_mm": 14.246915283688953,
    "error_3d_max_mm": 88.28908880962112,
    "cep50_xz_mm": 16.52490472403232,
    "cep95_xz_mm": 39.44906639179165,
    "reproj_media_px": 0.030650765306122447,
    "reproj_max_px": 0.0857,
    "sesgo_x_mm": -30.205283494836163,
    "sesgo_y_mm": 497.37677397709444,
    "sesgo_z_mm": 61.23662860370271,
    "sesgo_3d_mm": 502.0417702996564
  },
  "kalman": {
    "label": "kalman",
    "n_muestras": 392,
    "n_rechazadas": 0,
    "tasa_rechazo_pct": 0.0,
    "duracion_s": 29.943,
    "frecuencia_hz": 13.09,
    "x_media": -0.0302141724174602,
    "x_mediana": -0.031566267917847765,
    "x_std": 0.015896887158233824,
    "x_rango": 0.09767699908505391,
    "y_media": 0.49733949110839504,
    "y_mediana": 0.4994824691160744,
    "y_std": 0.02094744417404764,
    "y_rango": 0.1072645225904505,
    "z_media": 1.4212392361752624,
    "z_mediana": 1.4212690677760804,
    "z_std": 0.0006772657031305989,
    "z_rango": 0.0037885343050352294,
    "sep50_mm": 22.63743142752876,
    "sep95_mm": 44.62357985335122,
    "error_3d_medio_mm": 23.654909697538884,
    "error_3d_std_mm": 11.506970703898565,
    "error_3d_max_mm": 64.07590466393926,
    "cep50_xz_mm": 11.332309034614678,
    "cep95_xz_mm": 30.386740908971646,
    "reproj_media_px": 0.030650765306122447,
    "reproj_max_px": 0.0857,
    "sesgo_x_mm": -30.214172417460198,
    "sesgo_y_mm": 497.339491108395,
    "sesgo_z_mm": 61.23923617526228,
    "sesgo_3d_mm": 502.00568689822524
  }
}