{
  "raw": {
    "label": "raw",
    "n_muestras": 470,
    "n_rechazadas": 0,
    "tasa_rechazo_pct": 0.0,
    "duracion_s": 29.922,
    "frecuencia_hz": 15.71,
    "x_media": 0.06583834854061292,
    "x_mediana": 0.06600081298387914,
    "x_std": 0.0016682295031947784,
    "x_rango": 0.010275066928720829,
    "y_media": 0.5183319807396792,
    "y_mediana": 0.5183085921763269,
    "y_std": 0.0011501811793059697,
    "y_rango": 0.006625576495180585,
    "z_media": 0.5118352545264508,
    "z_mediana": 0.5118083196585097,
    "z_std": 0.000312610635080844,
    "z_rango": 0.001797265136924242,
    "sep50_mm": 1.6796468474010096,
    "sep95_mm": 3.569575637861066,
    "error_3d_medio_mm": 1.8076339713052711,
    "error_3d_std_mm": 0.9675180905326533,
    "error_3d_max_mm": 6.553135830982332,
    "cep50_xz_mm": 1.1366136167091558,
    "cep95_xz_mm": 3.440488276559648,
    "reproj_media_px": 0.43627170212765953,
    "reproj_max_px": 0.5484,
    "sesgo_x_mm": 75.69834854061291,
    "sesgo_y_mm": -524.5580192603209,
    "sesgo_z_mm": 71.83525452645084,
    "sesgo_3d_mm": 534.8379748437533
  },
  "kalman": {
    "label": "kalman",
    "n_muestras": 470,
    "n_rechazadas": 0,
    "tasa_rechazo_pct": 0.0,
    "duracion_s": 29.922,
    "frecuencia_hz": 15.71,
    "x_media": 0.06578205632855574,
    "x_mediana": 0.06605894699328657,
    "x_std": 0.0010894401847136165,
    "x_rango": 0.008276054391041433,
    "y_media": 0.5183244080559095,
    "y_mediana": 0.5183445914211506,
    "y_std": 0.00054343067960745,
    "y_rango": 0.0032059283927502458,
    "z_media": 0.5118460575493059,
    "z_mediana": 0.5118062445991625,
    "z_std": 0.00019430137201896213,
    "z_rango": 0.001248616457472651,
    "sep50_mm": 0.9065949663486491,
    "sep95_mm": 2.5285051641766927,
    "error_3d_medio_mm": 1.0273356549485642,
    "error_3d_std_mm": 0.6815653269110081,
    "error_3d_max_mm": 6.500091478877341,
    "cep50_xz_mm": 0.7386073157767054,
    "cep95_xz_mm": 2.408985632231635,
    "reproj_media_px": 0.43627170212765953,
    "reproj_max_px": 0.5484,
    "sesgo_x_mm": 75.64205632855575,
    "sesgo_y_mm": -524.5655919440906,
    "sesgo_z_mm": 71.8460575493059,
    "sesgo_3d_mm": 534.8388887530942
  }
}