{
  "raw": {
    "label": "raw",
    "n_muestras": 451,
    "n_rechazadas": 0,
    "tasa_rechazo_pct": 0.0,
    "duracion_s": 29.889,
    "frecuencia_hz": 15.09,
    "x_media": 0.022513772471775675,
    "x_mediana": 0.02280003858144637,
    "x_std": 0.002044914344101126,
    "x_rango": 0.012526992621943065,
    "y_media": 1.0059662872590327,
    "y_mediana": 1.0046722749684085,
    "y_std": 0.0028814536175538904,
    "y_rango": 0.011754912860180156,
    "z_media": 0.47719726281175245,
    "z_mediana": 0.4774537488489438,
    "z_std": 0.0005441688606413203,
    "z_rango": 0.001980579235927371,
    "sep50_mm": 2.2373156188818264,
    "sep95_mm": 6.8596290280374745,
    "error_3d_medio_mm": 2.996683836933089,
    "error_3d_std_mm": 1.9494756616025224,
    "error_3d_max_mm": 8.738015851936105,
    "cep50_xz_mm": 0.9803230708424907,
    "cep95_xz_mm": 4.914404162581402,
    "reproj_media_px": 0.28021840354767186,
    "reproj_max_px": 0.4891,
    "sesgo_x_mm": 32.37377247177567,
    "sesgo_y_mm": -36.923712740967396,
    "sesgo_z_mm": 37.19726281175245,
    "sesgo_3d_mm": 61.60404262155497
  },
  "kalman": {
    "label": "kalman",
    "n_muestras": 451,
    "n_rechazadas": 0,
    "tasa_rechazo_pct": 0.0,
    "duracion_s": 29.889,
    "frecuencia_hz": 15.09,
    "x_media": 0.02242991459710382,
    "x_mediana": 0.022649974514819496,
    "x_std": 0.0012099706187660858,
    "x_rango": 0.007787705074863316,
    "y_media": 1.005950435467098,
    "y_mediana": 1.0045364030346429,
    "y_std": 0.00276112411326388,
    "y_rango": 0.008484447840155784,
    "z_media": 0.47720551179932,
    "z_mediana": 0.4774701467147102,
    "z_std": 0.0005018120079565667,
    "z_rango": 0.0016440231320051235,
    "sep50_mm": 1.9338191134700686,
    "sep95_mm": 5.670108982757157,
    "error_3d_medio_mm": 2.6438854580840343,
    "error_3d_std_mm": 1.5328144842040112,
    "error_3d_max_mm": 6.065213504192399,
    "cep50_xz_mm": 0.729803830859246,
    "cep95_xz_mm": 2.794691226179389,
    "reproj_media_px": 0.28021840354767186,
    "reproj_max_px": 0.4891,
    "sesgo_x_mm": 32.289914597103824,
    "sesgo_y_mm": -36.93956453290204,
    "sesgo_z_mm": 37.20551179932002,
    "sesgo_3d_mm": 61.574508693273664
  }
}