{
  "raw": {
    "label": "raw",
    "n_muestras": 464,
    "n_rechazadas": 0,
    "tasa_rechazo_pct": 0.0,
    "duracion_s": 29.907,
    "frecuencia_hz": 15.51,
    "x_media": 0.1192303297239252,
    "x_mediana": 0.11927167569721922,
    "x_std": 0.001047297735371718,
    "x_rango": 0.007154845773405916,
    "y_media": 1.4394495699174796,
    "y_mediana": 1.4394642526522021,
    "y_std": 0.001028751491366174,
    "y_rango": 0.006325315104934726,
    "z_media": 0.45564312051441114,
    "z_mediana": 0.45562529178764843,
    "z_std": 0.0005171746405537436,
    "z_rango": 0.0027472655671442747,
    "sep50_mm": 1.2708665143707893,
    "sep95_mm": 2.8082359549700895,
    "error_3d_medio_mm": 1.382430072423006,
    "error_3d_std_mm": 0.7152054817989533,
    "error_3d_max_mm": 4.054664715933581,
    "cep50_xz_mm": 0.8080446956710057,
    "cep95_xz_mm": 2.2828074952562805,
    "reproj_media_px": 0.4803474137931034,
    "reproj_max_px": 0.6507
  },
  "kalman": {
    "label": "kalman",
    "n_muestras": 464,
    "n_rechazadas": 0,
    "tasa_rechazo_pct": 0.0,
    "duracion_s": 29.907,
    "frecuencia_hz": 15.51,
    "x_media": 0.11922766378722027,
    "x_mediana": 0.1192346172289658,
    "x_std": 0.0004104778728131239,
    "x_rango": 0.0027669103030081577,
    "y_media": 1.4394429255348853,
    "y_mediana": 1.4394601717741529,
    "y_std": 0.00043226971321620565,
    "y_rango": 0.0033227845706624848,
    "z_media": 0.45564583658732755,
    "z_mediana": 0.45563711962183173,
    "z_std": 0.00023053441791980433,
    "z_rango": 0.0016454238499243878,
    "sep50_mm": 0.4923486834709893,
    "sep95_mm": 1.1013290741749282,
    "error_3d_medio_mm": 0.5445349521666804,
    "error_3d_std_mm": 0.3346296351904026,
    "error_3d_max_mm": 2.7020352943352366,
    "cep50_xz_mm": 0.3102979419679848,
    "cep95_xz_mm": 0.9083510872401994,
    "reproj_media_px": 0.4803474137931034,
    "reproj_max_px": 0.6507
  }
}