{
  "raw": {
    "label": "raw",
    "n_muestras": 450,
    "n_rechazadas": 0,
    "tasa_rechazo_pct": 0.0,
    "duracion_s": 29.687,
    "frecuencia_hz": 15.16,
    "x_media": 0.09327953009746277,
    "x_mediana": 0.09672105368547244,
    "x_std": 0.018855579428831534,
    "x_rango": 0.19829118326511497,
    "y_media": 1.0012419143973483,
    "y_mediana": 1.0030121672917445,
    "y_std": 0.006018813715757463,
    "y_rango": 0.046947382770950674,
    "z_media": 0.30534876317421084,
    "z_mediana": 0.30806695050980465,
    "z_std": 0.007827092485912528,
    "z_rango": 0.03570606260565157,
    "sep50_mm": 9.900347763920504,
    "sep95_mm": 26.774634953614925,
    "error_3d_medio_mm": 13.084937094362033,
    "error_3d_std_mm": 16.787101958395972,
    "error_3d_max_mm": 185.99685074779237,
    "cep50_xz_mm": 9.429560745457529,
    "cep95_xz_mm": 18.55551141813759,
    "reproj_media_px": 1.8581142222222222,
    "reproj_max_px": 2.9454,
    "sesgo_x_mm": 93.27953009746277,
    "sesgo_y_mm": 1001.2419143973483,
    "sesgo_z_mm": -1054.6512368257893,
    "sesgo_3d_mm": 1457.215040143162
  },
  "kalman": {
    "label": "kalman",
    "n_muestras": 450,
    "n_rechazadas": 0,
    "tasa_rechazo_pct": 0.0,
    "duracion_s": 29.687,
    "frecuencia_hz": 15.16,
    "x_media": 0.08440548440456595,
    "x_mediana": 0.09595595480285843,
    "x_std": 0.03384586102865009,
    "x_rango": 0.17323378348617313,
    "y_media": 1.002499175951303,
    "y_mediana": 1.0035206443754148,
    "y_std": 0.0035413875694161184,
    "y_rango": 0.027365559925640826,
    "z_media": 0.30474794603940686,
    "z_mediana": 0.30607597118756535,
    "z_std": 0.0074277107966452234,
    "z_rango": 0.02295539935593227,
    "sep50_mm": 15.177906289909618,
    "sep95_mm": 89.51854765591085,
    "error_3d_medio_mm": 22.200512379389032,
    "error_3d_std_mm": 26.840116848827314,
    "error_3d_max_mm": 154.05378406847936,
    "cep50_xz_mm": 15.072002174902375,
    "cep95_xz_mm": 89.45772883570265,
    "reproj_media_px": 1.8581142222222222,
    "reproj_max_px": 2.9454,
    "sesgo_x_mm": 84.40548440456595,
    "sesgo_y_mm": 1002.4991759513028,
    "sesgo_z_mm": -1055.2520539605932,
    "sesgo_3d_mm": 1457.9731756684214
  }
}