{
  "n_muestras": 445,
  "n_rechazadas": 0,
  "tasa_rechazo_pct": 0.0,
  "duracion_s": 29.8468,
  "frecuencia_hz": 14.909471032070439,
  "x_media": 0.0034218251010661145,
  "x_mediana": 0.003939691401358105,
  "x_std": 0.005179881013894987,
  "x_var": 2.6831167318109754e-05,
  "x_min": -0.01980783411755856,
  "x_max": 0.014973743130719395,
  "x_rango": 0.034781577248277955,
  "y_media": 1.1457518817976222,
  "y_mediana": 1.1457683025853482,
  "y_std": 0.002921130012657458,
  "y_var": 8.533000550848161e-06,
  "y_min": 1.1313833330267504,
  "y_max": 1.1695053493414251,
  "y_rango": 0.03812201631467471,
  "z_media": 0.5422693309025902,
  "z_mediana": 0.5393040416094504,
  "z_std": 0.008996414356432501,
  "z_var": 8.093547127262482e-05,
  "z_min": 0.5231811798553871,
  "z_max": 0.5657399686275739,
  "z_rango": 0.04255878877218677,
  "error_3d_medio": 0.00848400420621157,
  "error_3d_std": 0.006657425310926674,
  "error_3d_max": 0.029212430817564434,
  "error_3d_p95": 0.021907712866332647,
  "error_3d_vs_mediana_medio": 0.00798797423905481,
  "error_3d_vs_mediana_p95": 0.024312174766517803
}