{
  "raw": {
    "label": "raw",
    "n_muestras": 452,
    "n_rechazadas": 4,
    "tasa_rechazo_pct": 0.88,
    "duracion_s": 29.919,
    "frecuencia_hz": 15.11,
    "x_media": 0.23361705808980962,
    "x_mediana": 0.23267652326190058,
    "x_std": 0.014936470992885148,
    "x_rango": 0.08989183404512993,
    "y_media": 0.44645190463465756,
    "y_mediana": 0.44648644856645453,
    "y_std": 0.00902590900538376,
    "y_rango": 0.05281376774183438,
    "z_media": 1.39575026501872,
    "z_mediana": 1.3958404927689325,
    "z_std": 0.003245956219487922,
    "z_rango": 0.020797010778474068,
    "sep50_mm": 13.859064001667805,
    "sep95_mm": 32.214772568693704,
    "error_3d_medio_mm": 15.328062713788372,
    "error_3d_std_mm": 8.952760709176257,
    "error_3d_max_mm": 47.61326814255973,
    "cep50_xz_mm": 9.843809777129144,
    "cep95_xz_mm": 29.589751745966947,
    "reproj_media_px": 0.14992986725663718,
    "reproj_max_px": 0.2578,
    "sesgo_x_mm": 243.47705808980962,
    "sesgo_y_mm": -596.4380953653425,
    "sesgo_z_mm": 955.7502650187199,
    "sesgo_3d_mm": 1152.5962209301483
  },
  "kalman": {
    "label": "kalman",
    "n_muestras": 452,
    "n_rechazadas": 0,
    "tasa_rechazo_pct": 0.0,
    "duracion_s": 29.919,
    "frecuencia_hz": 15.11,
    "x_media": 0.23351288519225943,
    "x_mediana": 0.23292222541357083,
    "x_std": 0.011090839106874325,
    "x_rango": 0.06420206183862034,
    "y_media": 0.44680004530001255,
    "y_mediana": 0.4470142856883874,
    "y_std": 0.00582494193151754,
    "y_rango": 0.045719177688709645,
    "z_media": 1.395765678578361,
    "z_mediana": 1.395889062276071,
    "z_std": 0.002205556476165065,
    "z_rango": 0.014461721801712901,
    "sep50_mm": 9.339690042524909,
    "sep95_mm": 25.8420296320466,
    "error_3d_medio_mm": 10.668589593491856,
    "error_3d_std_mm": 6.926928327571689,
    "error_3d_max_mm": 37.83235406874045,
    "cep50_xz_mm": 7.07929174296325,
    "cep95_xz_mm": 24.81778379506642,
    "reproj_media_px": 0.14992986725663718,
    "reproj_max_px": 0.2578,
    "sesgo_x_mm": 243.37288519225945,
    "sesgo_y_mm": -596.0899546999876,
    "sesgo_z_mm": 955.7656785783611,
    "sesgo_3d_mm": 1152.4068846069051
  }
}