{
  "raw": {
    "label": "raw",
    "n_muestras": 418,
    "n_rechazadas": 0,
    "tasa_rechazo_pct": 0.0,
    "duracion_s": 29.269,
    "frecuencia_hz": 14.28,
    "x_media": 0.07024512593126975,
    "x_mediana": 0.07117017370946435,
    "x_std": 0.003707416705893732,
    "x_rango": 0.018859085436137762,
    "y_media": 0.9977782496107792,
    "y_mediana": 0.9980160116481305,
    "y_std": 0.0018479660834846146,
    "y_rango": 0.012064207298937979,
    "z_media": 0.2800703826899105,
    "z_mediana": 0.2799572396901526,
    "z_std": 0.000728240457585078,
    "z_rango": 0.004982676092573413,
    "sep50_mm": 2.9559020087124734,
    "sep95_mm": 8.30882495082107,
    "error_3d_medio_mm": 3.5577339384495725,
    "error_3d_std_mm": 2.243385981973947,
    "error_3d_max_mm": 12.71831956494648,
    "cep50_xz_mm": 2.491459837007608,
    "cep95_xz_mm": 8.23463890172187,
    "reproj_media_px": 2.6971413875598085,
    "reproj_max_px": 2.9985,
    "sesgo_x_mm": 70.24512593126974,
    "sesgo_y_mm": 997.7782496107792,
    "sesgo_z_mm": -1079.9296173100897,
    "sesgo_3d_mm": 1471.9863421434884
  },
  "kalman": {
    "label": "kalman",
    "n_muestras": 418,
    "n_rechazadas": 0,
    "tasa_rechazo_pct": 0.0,
    "duracion_s": 29.269,
    "frecuencia_hz": 14.28,
    "x_media": 0.06965773741488268,
    "x_mediana": 0.07093305312022026,
    "x_std": 0.003890989348531686,
    "x_rango": 0.014431908355309712,
    "y_media": 0.9977672194310275,
    "y_mediana": 0.9984157230721533,
    "y_std": 0.0011786194899325417,
    "y_rango": 0.003706108094849503,
    "z_media": 0.2800961787913215,
    "z_mediana": 0.27987199773844806,
    "z_std": 0.0005290421707220359,
    "z_rango": 0.0022710631268829107,
    "sep50_mm": 3.1979581940283155,
    "sep95_mm": 8.419312007312364,
    "error_3d_medio_mm": 3.491849764040368,
    "error_3d_std_mm": 2.1484442874343723,
    "error_3d_max_mm": 10.268069802810915,
    "cep50_xz_mm": 3.0203586129085034,
    "cep95_xz_mm": 8.310890816671046,
    "reproj_media_px": 2.6971413875598085,
    "reproj_max_px": 2.9985,
    "sesgo_x_mm": 69.65773741488267,
    "sesgo_y_mm": 997.7672194310276,
    "sesgo_z_mm": -1079.9038212086787,
    "sesgo_3d_mm": 1471.9320254733202
  }
}