{
  "raw": {
    "label": "raw",
    "n_muestras": 384,
    "n_rechazadas": 65,
    "tasa_rechazo_pct": 14.48,
    "duracion_s": 29.886,
    "frecuencia_hz": 12.85,
    "x_media": 0.1168379951538628,
    "x_mediana": 0.11756241600167747,
    "x_std": 0.016474057343327592,
    "x_rango": 0.10610882103386057,
    "y_media": 1.0798293297029684,
    "y_mediana": 1.080370531166127,
    "y_std": 0.010373438026392528,
    "y_rango": 0.06411115446689619,
    "z_media": 0.5066156840928873,
    "z_mediana": 0.5067323759038923,
    "z_std": 0.005078752076712082,
    "z_rango": 0.027494415107282955,
    "sep50_mm": 16.159194870660613,
    "sep95_mm": 34.761337756741156,
    "error_3d_medio_mm": 17.931989091441157,
    "error_3d_std_mm": 9.123610673400904,
    "error_3d_max_mm": 60.465423119718345,
    "cep50_xz_mm": 12.182490643521636,
    "cep95_xz_mm": 31.4262614784941,
    "reproj_media_px": 0.6784020833333333,
    "reproj_max_px": 1.3734,
    "sesgo_x_mm": 116.83799515386279,
    "sesgo_y_mm": 1079.8293297029684,
    "sesgo_z_mm": -853.3843159071129,
    "sesgo_3d_mm": 1381.2846517045598
  },
  "kalman": {
    "label": "kalman",
    "n_muestras": 384,
    "n_rechazadas": 0,
    "tasa_rechazo_pct": 0.0,
    "duracion_s": 29.886,
    "frecuencia_hz": 12.85,
    "x_media": 0.11623003181348468,
    "x_mediana": 0.11724735912186773,
    "x_std": 0.014496259258881887,
    "x_rango": 0.061175192343259285,
    "y_media": 1.080412219355192,
    "y_mediana": 1.0800079153001825,
    "y_std": 0.008362627999256354,
    "y_rango": 0.03385578391000288,
    "z_media": 0.5064404881724189,
    "z_mediana": 0.5072133705200526,
    "z_std": 0.004342181266080566,
    "z_rango": 0.018310212599066122,
    "sep50_mm": 14.47100627990793,
    "sep95_mm": 31.11292492107783,
    "error_3d_medio_mm": 15.758281301177544,
    "error_3d_std_mm": 7.113802649436117,
    "error_3d_max_mm": 37.11336295171887,
    "cep50_xz_mm": 11.245826441767072,
    "cep95_xz_mm": 29.487217418857476,
    "reproj_media_px": 0.6784020833333333,
    "reproj_max_px": 1.3734,
    "sesgo_x_mm": 116.23003181348469,
    "sesgo_y_mm": 1080.4122193551918,
    "sesgo_z_mm": -853.5595118275812,
    "sesgo_3d_mm": 1381.797316634648
  }
}