{
  "calibration_date": "2026-03-18T15:26:40.178438",
  "camera_model": "Webcam PC",
  "image_size": [
    1280,
    720
  ],
  "reprojection_error_px": 0.1195,
  "camera_matrix": [
    [
      960.1776567373573,
      0.0,
      632.9122565746791
    ],
    [
      0.0,
      960.7677424903814,
      364.2980097234964
    ],
    [
      0.0,
      0.0,
      1.0
    ]
  ],
  "dist_coeffs": [
    -0.246352458161672,
    2.713295799213017,
    -0.001690662072448659,
    -0.004007643881672612,
    -10.388485267543814
  ]
}